,Scenario,AREAkm2,PRECIP_m3pd,ET_m3pd,PERC_m3pd,SURQ_m3pd,LATQ(m_m3pd,GW_Q_m3pd,SYLDt_Tons_per_d,run_rez,AREA_pctdif,PRECIP_pctdif,ET_pctdif,PERC_pctdif,SURQ_pctdif,LATQ_pctdif,GW_Q_pctdif,SYLDt_pctdif
0,EastWestMaui_Green--Default,144.48927700000007,833044.7668476629,244112.9677668878,63216.81476861097,141360.1405621451,346684.85208172066,52624.001136567116,2.48534463150685,yearly,0.0,0.0,0.0,0.0,0.0,0.0,0.0,0.0
1,EastWestMaui_Green--EastWestMaui_rch_RCP45_Fog,144.48927700000007,833044.7668476629,244112.9677668878,63216.81476861097,141360.1405621451,346684.85208172066,52624.001136567116,2.48534463150685,yearly,0.0,0.0,0.0,0.0,0.0,0.0,0.0,0.0
2,EastWestMaui_Green--EastWestMaui_rch_RCP45_nondiv_Fog,144.48927700000007,833044.7668476629,244112.9677668878,63216.81476861097,141360.1405621451,346684.85208172066,52624.001136567116,2.48534463150685,yearly,0.0,0.0,0.0,0.0,0.0,0.0,0.0,0.0
3,EastWestMaui_Green--EastWestMaui_rch_RCP85_Fog,144.48927700000007,811483.2761589431,235904.11813405753,61022.08062756984,138424.29039122738,338249.19514872367,50925.501028235616,2.498737509315068,yearly,0.0,-0.02588275150003156,-0.033627257527216646,-0.0347175691953857,-0.02076858553792295,-0.02433234934362964,-0.03227614912677657,0.005388740715648019
4,EastWestMaui_Green--EastWestMaui_rch_RCP85_nondiv_Fog,144.48927700000007,811483.2761589431,235904.11813405753,61022.08062756984,138424.29039122738,338249.19514872367,50925.501028235616,2.498737509315068,yearly,0.0,-0.02588275150003156,-0.033627257527216646,-0.0347175691953857,-0.02076858553792295,-0.02433234934362964,-0.03227614912677657,0.005388740715648019
5,EastWestMaui_Growth--Default,144.48927700000007,811483.1571824802,236243.65861435057,57457.702795361634,162876.42858687937,317127.96411566314,47759.03308136713,3.0045393736986306,yearly,0.0,0.0,0.0,0.0,0.0,0.0,0.0,0.0
6,EastWestMaui_Growth--EastWestMaui_rch_RCP45_Fog,144.48927700000007,833044.6326598848,244538.317978485,59434.37743815347,166405.11084324922,325120.6798956057,49256.25052537811,2.989913915342467,yearly,0.0,0.026570453479610498,0.0351106116997401,0.03440225673191034,0.021664781619936055,0.025203440517240126,0.031349408633549375,-0.0048677872169667095
7,EastWestMaui_Growth--EastWestMaui_rch_RCP45_nondiv_Fog,144.48927700000007,833044.6326598848,244538.317978485,59434.37743815347,166405.11084324922,325120.6798956057,49256.25052537811,2.989913915342467,yearly,0.0,0.026570453479610498,0.0351106116997401,0.03440225673191034,0.021664781619936055,0.025203440517240126,0.031349408633549375,-0.0048677872169667095
8,EastWestMaui_Growth--EastWestMaui_rch_RCP85_Fog,144.48927700000007,811483.1571824802,236243.65861435057,57457.702795361634,162876.42858687937,317127.96411566314,47759.03308136713,3.0045393736986306,yearly,0.0,0.0,0.0,0.0,0.0,0.0,0.0,0.0
9,EastWestMaui_Growth--EastWestMaui_rch_RCP85_nondiv_Fog,144.48927700000007,811483.1571824802,236243.65861435057,57457.702795361634,162876.42858687937,317127.96411566314,47759.03308136713,3.0045393736986306,yearly,0.0,0.0,0.0,0.0,0.0,0.0,0.0,0.0
10,EastWestMaui_Growth--Kahakuloa_rch_20yr_CcGrowth,144.48927700000104,862732.2338757991,253119.6267855034,43712.266964084345,182392.21368101664,336243.71378442284,35401.007353741195,2.2046612148351468,Daily,6.687957339794397e-15,0.06315482489033891,0.07143458694356553,-0.2392270341930014,0.11981957894986275,0.06027771698426378,-0.25875787113553056,-0.26622322405408266
11,EastWestMaui_MGrowth--Default,144.48927700000007,833044.9105245697,243490.16611205193,61316.745055227446,153733.0072973863,336698.45231681113,50893.183521076724,2.381775561643837,yearly,0.0,0.0,0.0,0.0,0.0,0.0,0.0,0.0
12,EastWestMaui_MGrowth--EastWestMaui_rch_RCP45_Fog,144.48927700000007,833044.9105245697,243490.16611205193,61316.745055227446,153733.0072973863,336698.45231681113,50893.183521076724,2.381775561643837,yearly,0.0,0.0,0.0,0.0,0.0,0.0,0.0,0.0
13,EastWestMaui_MGrowth--EastWestMaui_rch_RCP45_nondiv_Fog,144.48927700000007,833044.9105245697,243490.16611205193,61316.745055227446,153733.0072973863,336698.45231681113,50893.183521076724,2.381775561643837,yearly,0.0,0.0,0.0,0.0,0.0,0.0,0.0,0.0
14,EastWestMaui_MGrowth--EastWestMaui_rch_RCP85_Fog,144.48927700000007,811483.4253951868,235224.218720548,59240.2594051397,150377.17877681906,328619.84730667924,49315.82956992054,2.3946247126027393,yearly,0.0,-0.025882740362468123,-0.03394776685847762,-0.03386490343245505,-0.0218289395333015,-0.02399359116308162,-0.03099342273416524,0.005394778234282596
15,EastWestMaui_MGrowth--EastWestMaui_rch_RCP85_nondiv_Fog,144.48927700000007,811483.4253951868,235224.218720548,59240.2594051397,150377.17877681906,328619.84730667924,49315.82956992054,2.3946247126027393,yearly,0.0,-0.025882740362468123,-0.03394776685847762,-0.03386490343245505,-0.0218289395333015,-0.02399359116308162,-0.03099342273416524,0.005394778234282596
16,Hanawi-- Hana_rch_Sim2,182.616416,2553119.6769349687,483098.8143388236,76758.16175690583,726771.9602190617,171925.7620708247,0.0,3.398662889337295,Daily,3.112722290027203e-16,0.024338730303262134,-0.02697551665060314,0.09847690274554907,-0.0017141992159518768,-0.3365933441751885,,-0.3197617394206386
17,Hanawi--Default,182.61641599999993,2492456.451567638,496491.94095905486,69876.9009753918,728019.9314146901,259155.91976850145,0.0,4.996283047123286,yearly,0.0,0.0,0.0,0.0,0.0,0.0,,0.0
18,Hanawi--H_rch_1990to2009,182.61641599999993,2492456.451567638,496491.94095905486,69876.9009753918,728019.9314146901,259155.91976850145,0.0,4.996283047123286,yearly,0.0,0.0,0.0,0.0,0.0,0.0,,0.0
19,Hanawi--H_rch_1995,182.61641600000004,1734734.7246399226,479024.19452215725,49726.37873251227,326877.6466359408,175179.20399744666,0.0,1.1981375533586067,Daily,6.225444580054406e-16,-0.3040060043781885,-0.03518233629967048,-0.28837172172211595,-0.5510045363720312,-0.32403934992520883,,-0.7601942199714927
20,Hanawi--H_rch_2004,182.61641600000004,2752242.219788881,515299.0059034859,84396.52529967173,758471.8389318705,352680.23945720005,0.0,4.377620383088066,Daily,6.225444580054406e-16,0.10422880931694906,0.037879899738356496,0.20778861285495798,0.041828398101692366,0.360880506886518,,-0.12382458283491928
21,Hanawi--Hana_rch_Sim1,182.616416,2553119.6769349687,483305.6164913717,76705.79632399135,679620.3409827724,171952.7530803059,0.0,1930.6164742692865,Daily,3.112722290027203e-16,0.024338730303262134,-0.02655898994495585,0.09772750727746844,-0.06648113374845038,-0.33648919448219555,,385.4105488140587
22,Hanawi--Hana_rch_Sim2,182.616416,2553119.6769349687,482975.63059661887,76777.70267810473,726720.0290499865,171903.6162865777,0.0,3.306084467756662,Daily,3.112722290027203e-16,0.024338730303262134,-0.02722362489172945,0.09875655053939991,-0.001785531286454782,-0.33667879769007175,,-0.3382911983619084
23,Hanawi--Hanawi_sub_Sim1,182.61641599999993,2492456.451567638,443443.33872367407,379422.9972538849,852063.8639771972,817739.5748704168,347615.9006951263,4333.171025762468,yearly,0.0,0.0,-0.10684685461945022,4.429877283589099,0.17038535239202124,2.1553960858809877,inf,866.2789321368376
24,Hanawi--Hanawi_sub_Sim2,182.61641599999993,2492456.451567638,496666.63341746584,69816.3722165644,680492.3716841863,259201.15429519722,0.0,2612.721742764932,yearly,0.0,0.0,0.0003518535629672726,-0.0008662198520899464,-0.06528332217244129,0.00017454560457726747,,521.9330920851775
25,Honokohau_V2--Default,27.372564000000008,244129.21585243288,77882.98198887125,32501.12136221918,41572.026015742464,19416.37163368767,39358.79580139727,0.6746366684931506,yearly,0.0,0.0,0.0,0.0,0.0,0.0,0.0,0.0
26,Honokohau_V2--Honokohau_rch_yr_RainTPT,27.372564000000008,244129.21585243288,77882.98198887125,32501.12136221918,41572.026015742464,19416.37163368767,39358.79580139727,0.6746366684931506,yearly,0.0,0.0,0.0,0.0,0.0,0.0,0.0,0.0
27,Honolua--Default,45.63574300000017,235475.8066377152,133587.0891919201,9754.023394703101,33668.20823474362,58407.49294213797,6940.204583881869,10.296920788373603,Daily,0.0,0.0,0.0,0.0,0.0,0.0,0.0,0.0
28,Honolua--Honolua_rch_2006to2009,45.63574300000017,239540.87834339624,139968.11194378446,7344.507569043734,34831.329664247976,58143.42530778284,3290.6503115300015,26.935703135368527,Daily,0.0,0.01726322446337446,0.04776676242040849,-0.2470278907643228,0.03454657941387212,-0.004521125990063173,-0.5258568718316601,1.6158988389793194
29,Honolua--Honolua_rch_2006to2009_div,45.63574300000017,239540.87834339624,122502.92784589023,11862.86289463174,34870.50197626064,70761.91858725445,8363.616831873676,24.9539422658151,Daily,0.0,0.01726322446337446,-0.08297329789187655,0.2162020137324911,0.03571006015925491,0.21152124535383712,0.20509658336262598,1.4234373341971267
30,Honolua--Honolua_rch_2006to2014_BW,45.6357430000003,253360.31156182135,139243.79572513406,9178.724937235404,36579.40243724236,68654.90167483708,6541.215174053479,17.90235511948231,Daily,2.958275924080354e-15,0.0759504986073659,0.042344709862546376,-0.05898063129314535,0.08646715566807485,0.1754468171207214,-0.05748957469568185,0.7386124927459972
31,Honolua--Honolua_rch_Sim1_2006to2009_Fog,45.63574300000017,235475.8066377152,130569.05811675891,7782.059559869509,34739.52450235234,62306.95961215808,5423.965688327948,10.96643938766089,Daily,0.0,0.0,-0.022592236221460588,-0.2021692746712564,0.031819818273049055,0.06676312359243294,-0.21847178670716402,0.06502124402503409
32,Honolua--Honolua_rch_Sim1_2006to2014_BW,45.6357430000003,253360.31156182135,139243.79572513406,9178.724937235404,36579.40243724236,68654.90167483708,6541.215174053479,17.90235511948231,Daily,2.958275924080354e-15,0.0759504986073659,0.042344709862546376,-0.05898063129314535,0.08646715566807485,0.1754468171207214,-0.05748957469568185,0.7386124927459972
33,Honolua--Honolua_rch_Sim2_1990to2014_BW,45.6357430000003,253360.31156182135,139245.6727696093,9178.156991232185,36578.36518590701,68654.6772188653,6540.698022830096,16.237746213176777,Daily,2.958275924080354e-15,0.0759504986073659,0.04235876095450881,-0.059038858137621365,0.08643634763314414,0.17544297418960977,-0.057564089966396476,0.576951648643451
34,Honolua--Honolua_rch_Sim2_2006to2009_Fog,45.63574300000017,235475.8066377152,133587.0891919201,9754.023394703101,33668.20823474362,58407.49294213797,6940.204583881869,10.296920788373603,Daily,0.0,0.0,0.0,0.0,0.0,0.0,0.0,0.0
35,Honolua--Honolua_rch_Sim2_2006to2009_div,45.63574300000017,239540.87834339624,133864.72236671732,8708.030905771702,34308.03350991361,64791.48189506256,6237.815453419096,22.153924680997505,Daily,0.0,0.01726322446337446,0.0020782934674050926,-0.10723702892689621,0.01900384097392274,0.10930085561537389,-0.10120582498303031,1.1515096732619146
36,Honolua--Honolua_rch_Sim3_2006to2009_div,45.63574300000017,239540.87834339624,134574.32803583462,9431.595112437231,30697.812514936508,66939.88672519698,6777.7526542818005,7.504789526821908,Daily,0.0,0.01726322446337446,0.007390226479867346,-0.03305592668979691,-0.08822553606347962,0.14608389015278772,-0.023407368995627596,-0.27116176951699283
37,Honolua--Honolua_rch_yr_Fog,45.635743,227790.93782587946,129611.48698080004,9496.137904575344,32240.296568838352,56862.1866737589,7350.919777221919,8.805401408493156,yearly,-3.736769588312026e-15,-0.03263549203447079,-0.029760377557208718,-0.02643888369878233,-0.04241127582286215,-0.02645732919764156,0.0591791190556408,-0.14485101036851158
38,Honolua--Honolua_sub_1990to2014_BW,45.635743,226575.70375141368,127672.94263917266,7235.5223315726025,32697.909620726034,59397.38375103835,5329.540427610958,21.34359214054795,yearly,-3.736769588312026e-15,-0.03779625182469183,-0.04427184235035453,-0.25820125308476954,-0.028819431294128017,0.016948010589686292,-0.2320773309783351,1.0728130845337083
39,Honolua--Honolua_sub_Sim1_SLRSPT&WnSp50pct,45.635743,226575.70375141368,112264.17940266576,14683.736301252055,40674.12481135891,58888.05221635343,10271.510571065754,926.0362739641096,yearly,-3.736769588312026e-15,-0.03779625182469183,-0.1596180433171983,0.5054030226363843,0.20808700385147288,0.008227699050386113,0.4800011220015913,88.93332016399602
40,Honolua--Honolua_sub_Sim1_SLRSPT&WnSp50pct_Fog,45.635743,227790.93782587946,113010.5765282548,15408.512168046573,38256.5289874411,61057.21167136714,10997.857476079454,868.6346099641096,yearly,-3.736769588312026e-15,-0.03263549203447079,-0.15403069853632123,0.5797083464464652,0.13628051486157203,0.0453660754084094,0.58465897412033,83.35867652248982
41,Honolua--Honolua_sub_Sim2_SLRSPT&WnSp50pct,45.635743,226575.70375141368,127670.38118291234,7236.4265342493145,32698.835819942466,59398.10931496713,5330.339064663014,21.600389150410965,yearly,-3.736769588312026e-15,-0.03779625182469183,-0.044291016780127715,-0.2581085526020946,-0.028791921685954805,0.016960433035715514,-0.23196225698557263,1.0977522887036546
42,Honolua--Honolua_sub_Sim2_SLRSPT&WnSp50pct_Fog,45.635743,227790.93782587946,126720.84510445205,7642.107201961642,33181.35411877808,60696.63219031506,5902.953535032876,9.661572967671232,yearly,-3.736769588312026e-15,-0.03263549203447079,-0.051399009657314594,-0.21651744180645802,-0.014460351218308621,0.039192561311351785,-0.1494553995220739,-0.061702700618980325
43,Honolua--Honolua_sub_Sim3_SLRSPT&WnSp50pct_Fog,45.635743,227790.93782587946,129611.38512367947,9496.166048246578,32240.334609649315,56862.226802443845,7350.935999523287,7.883951881643837,yearly,-3.736769588312026e-15,-0.03263549203447079,-0.02976114003448987,-0.02643599835905173,-0.04241014594951998,-0.026456642150776113,0.059181456494137384,-0.2343388821106872
44,Honolua_Green--Default,45.635743,209459.9564852219,116388.77228354526,7296.596530591781,27981.524657356167,58310.84739992875,5962.043891926029,5.4982698449315075,yearly,0.0,0.0,0.0,0.0,0.0,0.0,0.0,0.0
45,Honolua_Green--Honolua_rch_RCP45_Fog,45.635743,209459.9564852219,116388.77228354526,7296.596530591781,27981.524657356167,58310.84739992875,5962.043891926029,5.4982698449315075,yearly,0.0,0.0,0.0,0.0,0.0,0.0,0.0,0.0
46,Honolua_Green--Honolua_rch_RCP45_nondiv_Fog,45.635743,209459.9564852219,116388.77228354526,7296.596530591781,27981.524657356167,58310.84739992875,5962.043891926029,5.4982698449315075,yearly,0.0,0.0,0.0,0.0,0.0,0.0,0.0,0.0
47,Honolua_Green--Honolua_rch_RCP85_Fog,45.635743,206210.1541878905,115564.2907763452,7121.418893254796,26651.62388373972,57401.1915301096,5822.915559898631,5.586577100273972,yearly,0.0,-0.015515148345601214,-0.007083857755552825,-0.024008129900362916,-0.04752781665408012,-0.015600114050482184,-0.023335677252529025,0.016060916948968867
48,Honolua_Green--Honolua_rch_RCP85_nondiv_Fog,45.635743,206210.1541878905,115564.2907763452,7121.418893254796,26651.62388373972,57401.1915301096,5822.915559898631,5.586577100273972,yearly,0.0,-0.015515148345601214,-0.007083857755552825,-0.024008129900362916,-0.04752781665408012,-0.015600114050482184,-0.023335677252529025,0.016060916948968867
49,Honolua_Green--Honolua_sub_RCP45_Sim1,45.635743,209198.02556182462,126292.15302178085,4623.00540739452,28146.79578096987,50337.23708278081,2176.933389980822,45.53521565397259,yearly,0.0,-0.0012505059572842725,0.08508879803379198,-0.3664161930823414,0.0059064373952995115,-0.136743173400661,-0.634867936324842,7.28173533460685
50,Honolua_Green--Honolua_sub_RCP45_Sim1_div,45.635743,209198.02556182462,126292.15302178085,4623.00540739452,28146.79578096987,50337.23708278081,2176.933389980822,45.53521565397259,yearly,0.0,-0.0012505059572842725,0.08508879803379198,-0.3664161930823414,0.0059064373952995115,-0.136743173400661,-0.634867936324842,7.28173533460685
51,Honolua_Green--Honolua_sub_RCP85_Sim1,45.635743,205947.7681191234,125163.5131389808,4420.038654109589,27047.669255627396,49527.901073983565,2085.3684567863015,45.98166418383562,yearly,0.0,-0.01676782724981756,0.07539164374084634,-0.3942328268284957,-0.03337399992188299,-0.1506228552246339,-0.6502259133633069,7.36293333733394
52,Honolua_Green--Honolua_sub_RCP85_Sim1_div,45.635743,205947.7681191234,125163.5131389808,4420.038654109589,27047.669255627396,49527.901073983565,2085.3684567863015,45.98166418383562,yearly,0.0,-0.01676782724981756,0.07539164374084634,-0.3942328268284957,-0.03337399992188299,-0.1506228552246339,-0.6502259133633069,7.36293333733394
53,Honolua_Growth--Default,45.635743,206210.1945314192,119001.52363778907,7228.298658468494,31593.539908438353,48901.182483575336,5818.094730060275,12.505346843287665,yearly,0.0,0.0,0.0,0.0,0.0,0.0,0.0,0.0
54,Honolua_Growth--Honolua_rch_RCP45_Fog,45.635743,209460.01070532878,119883.0032641918,7442.22200290411,32996.52349219453,49640.92220999726,5978.829701789042,12.432391448493155,yearly,0.0,0.015759726046979814,0.007407296977858271,0.02959525533508341,0.04440729300427181,0.015127235965518524,0.027626736790361928,-0.005833936132180902
55,Honolua_Growth--Honolua_rch_RCP45_nondiv_Fog,45.635743,209460.01070532878,119883.0032641918,7442.22200290411,32996.52349219453,49640.92220999726,5978.829701789042,12.432391448493155,yearly,0.0,0.015759726046979814,0.007407296977858271,0.02959525533508341,0.04440729300427181,0.015127235965518524,0.027626736790361928,-0.005833936132180902
56,Honolua_Growth--Honolua_rch_RCP85_Fog,45.635743,206210.1945314192,119001.52363778907,7228.298658468494,31593.539908438353,48901.182483575336,5818.094730060275,12.505346843287665,yearly,0.0,0.0,0.0,0.0,0.0,0.0,0.0,0.0
57,Honolua_Growth--Honolua_rch_RCP85_nondiv_Fog,45.635743,206210.1945314192,119001.52363778907,7228.298658468494,31593.539908438353,48901.182483575336,5818.094730060275,12.505346843287665,yearly,0.0,0.0,0.0,0.0,0.0,0.0,0.0,0.0
58,Honolua_MGrowth--Default,45.635743,206210.16052084937,119783.08375951505,7952.81300150411,27853.83739902466,51122.182721024656,6391.2207720657525,9.367120519178084,yearly,0.0,0.0,0.0,0.0,0.0,0.0,0.0,0.0
59,Honolua_MGrowth--Honolua_rch_RCP45_Fog,45.635743,209459.95592308487,120613.29108916986,8167.912287742466,29270.110091991788,51898.8045666274,6562.159023693152,9.441156926301367,yearly,0.0,0.01575962791565219,0.00693092299511663,0.027046943791797295,0.050846591537032616,0.01519148448415811,0.02674579047159871,0.007903859779715984
60,Honolua_MGrowth--Honolua_rch_RCP45_nondiv_Fog,45.635743,209459.95592308487,120613.29108916986,8167.912287742466,29270.110091991788,51898.8045666274,6562.159023693152,9.441156926301367,yearly,0.0,0.01575962791565219,0.00693092299511663,0.027046943791797295,0.050846591537032616,0.01519148448415811,0.02674579047159871,0.007903859779715984
61,Honolua_MGrowth--Honolua_rch_RCP85_Fog,45.635743,206210.16052084937,119783.08375951505,7952.81300150411,27853.83739902466,51122.182721024656,6391.2207720657525,9.367120519178084,yearly,0.0,0.0,0.0,0.0,0.0,0.0,0.0,0.0
62,Honolua_MGrowth--Honolua_rch_RCP85_nondiv_Fog,45.635743,206210.16052084937,119783.08375951505,7952.81300150411,27853.83739902466,51122.182721024656,6391.2207720657525,9.367120519178084,yearly,0.0,0.0,0.0,0.0,0.0,0.0,0.0,0.0
63,Honopou--Default,151.91877000000045,985008.8656187049,400813.4960505859,14205.99968607176,157999.79990636389,412430.23831950576,13682.968356768017,12.040519385928278,Daily,0.0,0.0,0.0,0.0,0.0,0.0,0.0,0.0
64,Honopou--H_rch_Sim1,151.91877000000053,1016040.622199899,393091.95784225734,14249.93743018684,248232.27987538336,365999.1794598754,13475.061066385695,1062.7704193137731,Daily,5.6125473034840775e-16,0.031504037846098384,-0.019264666196155272,0.003092900541040964,0.5710923686137219,-0.11257918199407259,-0.015194604340328268,87.26616072358391
65,Honopou--H_rch_Sim2,151.91877000000045,985008.8656187049,400813.4960505859,14205.99968607176,157999.79990636389,412430.23831950576,13682.968356768017,12.040519385928278,Daily,0.0,0.0,0.0,0.0,0.0,0.0,0.0,0.0
66,Honopou--Honopou_rch_yr,151.91877,887163.5760211123,377319.53997313423,11324.239215468497,131792.76465566846,368754.49791315314,10741.276968068494,16.584878117808216,yearly,-2.9933585618581745e-15,-0.09933442531619649,-0.05861568113087319,-0.20285516924434954,-0.16586752177044917,-0.10589849227426783,-0.21498927074873134,0.3774221515054341
67,Honopou--Honopou_sub_Sim1,151.91877,887163.5760211123,419521.77978378907,180848.1565536575,188713.3775742767,98332.56691156712,157268.5713975918,1532.988833621096,yearly,-2.9933585618581745e-15,-0.09933442531619649,0.04667578292034871,11.730406909058969,0.19438997825386323,-0.7615776978132486,10.493746626973811,126.31916161463067
68,Honopou--Honopou_sub_Sim2,151.91877,887163.5760211123,316440.81056235055,28078.461546630137,188292.7631575095,355324.1011583972,9916.290096972605,811.2036862221919,yearly,-2.9933585618581745e-15,-0.09933442531619649,-0.21050360409417654,0.9765213407796707,0.19172785832069578,-0.1384625370675876,-0.27528224589749173,66.37281509386077
69,Honopou--Honopou_sub_Sim3,151.91877,887163.5760211123,371113.07566350134,7690.100049961647,192883.35717568494,317701.05737073405,7300.49922618356,741.4125713758903,yearly,-2.9933585618581745e-15,-0.09933442531619649,-0.07410035011230287,-0.4586723764677126,0.22078228763577076,-0.2296853434771335,-0.46645354751752327,60.576460915994794
70,J2017_EastWestMaui--EastWestMaui_rch_Sim1_RainTPT,144.48927699999933,940120.1157149377,255005.05367766556,19538.691163612864,305655.8649647761,277193.0774056539,9987.003677425953,25.95025011490759,Daily,,,,,,,,
71,J2017_EastWestMaui--EastWestMaui_rch_Sim1_SLRSPT&WnSp50pct,144.48927699999948,789659.147388881,223809.08567525516,36555.32692258918,162442.91310544417,331373.68398778856,22413.166076563935,23.171220107314397,Daily,,,,,,,,
72,J2017_EastWestMaui--EastWestMaui_rch_Sim2_RainTPT,144.48927699999933,1045270.5073168696,274612.60229531175,25041.24463527237,302525.38137643336,346500.8620254929,16837.855512286733,6.319535910644932,Daily,,,,,,,,
73,J2017_EastWestMaui--EastWestMaui_rch_WQ1_SLR&WnSp50pct,144.48927699999933,1016647.4775727415,233998.05336088096,31971.066685239162,366995.67701901536,347780.91484300164,21105.714528757693,27.96929624457949,Daily,,,,,,,,
74,J2017_EastWestMaui--EastWestMaui_rch_WQ2_SLR&WnSp50pct,144.48927699999933,1016647.4775727415,234099.3913182729,32045.911803876654,365760.71223271126,347953.56363990554,21105.937700598457,23.06169015462406,Daily,,,,,,,,
75,J2017_EastWestMaui--EastWestMaui_sub_Sim1_RainTPT,144.48927700000007,807473.3169115393,235493.3142024574,15934.193474367123,245966.65835532066,268638.8958171371,8371.216310117808,16.627355238630134,yearly,,,,,,,,
76,J2017_EastWestMaui--EastWestMaui_sub_Sim1_SLR&WnSp50pct,144.48927700000007,857541.3607208604,231416.43271563566,25812.712474767122,251611.5204384632,351981.25718756695,14577.12457269589,35.94792363013697,yearly,,,,,,,,
77,J2017_EastWestMaui--EastWestMaui_sub_Sim1_SLRSPT&WnSp50pct,144.48927700000007,857541.3607208604,241304.51734657533,39488.45874075618,314158.05671037827,264591.72336912603,29150.262827030114,12330.918595934518,yearly,,,,,,,,
78,J2017_EastWestMaui--EastWestMaui_sub_Sim2_RainTPT,144.48927700000007,916397.7271412597,259175.69446712604,21547.82298612876,241351.90982818633,355259.5194212936,14698.673920145211,6.142284441095892,yearly,,,,,,,,
79,J2017_EastWestMaui--EastWestMaui_sub_Sim2_SLRSPT&WnSp50pct,144.48927700000007,857541.3607208604,215182.72232049325,26792.767791517825,284969.652564367,311466.9260417096,17266.4459458822,42.20242051616436,yearly,,,,,,,,
80,J2017_EastWestMaui--EastWestMaui_sub_Sim3_SLRSPT&WnSp50pct,144.48927700000007,857541.3607208604,222893.6635596466,37511.32363257264,236865.87205392608,344934.52058597264,25203.132664328776,30.98045582904108,yearly,,,,,,,,
81,J2017_EastWestMaui--EastWestMaui_sub_Sim4_SLRSPT&WnSp50pct,144.48927700000007,857541.3607208604,215269.18824853702,26857.66513387124,283921.5470192465,311868.6202505153,17266.631376761656,34.52823786082193,yearly,,,,,,,,
82,Kalena--Default,169.207128,1584476.1083643178,389848.1790656268,131344.57090935274,498644.9082927791,566639.462521831,119761.77115120168,13.796029455747519,Daily,0.0,0.0,0.0,0.0,0.0,0.0,0.0,0.0
83,Kalena--K_rch_Sim1,169.207128,1584476.1083643178,389876.22047222144,131338.9897140316,498629.4928351024,566634.7407176447,119757.48055237939,4198.427294940464,Daily,0.0,0.0,7.192904340821303e-05,-4.249277516761342e-05,-3.091469986020091e-05,-8.332995667718096e-06,-3.582611363416605e-05,303.32142149358566
84,Kalena--K_rch_Sim2,169.207128,1584476.1083643178,389848.1790656268,131344.57090935274,498644.9082927791,566639.462521831,119761.77115120168,13.796029455747519,Daily,0.0,0.0,0.0,0.0,0.0,0.0,0.0,0.0
85,Kalena--Kalena_rch_yr,169.20712799999995,1541907.6660397588,427952.958341227,31997.73402398631,478721.1294657703,603890.655828868,20860.972268408234,5522.464959715342,yearly,-3.359398598196644e-16,-0.0268659414300056,0.09774261192377051,-0.7563832764273942,-0.03995584532332285,0.06574055598113557,-0.825812760884516,399.2937930387388
86,Kalena--Kalena_sub_Sim1,169.20712799999995,1541907.6660397588,285439.7279744109,56964.46775378357,528419.167177216,671306.014620817,46832.17668218359,6988.187004759724,yearly,-3.359398598196644e-16,-0.0268659414300056,-0.2678182346303581,-0.5662975076975393,0.059710343752181615,0.18471454782405572,-0.6089555437264116,505.5361035343686
87,Kalena--Kalena_sub_Sim2,169.20712799999995,1541907.6660397588,378017.96741598385,125370.87731524117,497581.12394107366,542623.1582998082,112616.84456352875,5859.737125434517,yearly,-3.359398598196644e-16,-0.0268659414300056,-0.030345689129540544,-0.04548108500224422,-0.0021333504744840523,-0.04238374806290093,-0.05965949333408169,423.7408389660484
88,Lahaina--Default,148.494352,480147.0677811289,237994.57185333964,18778.73016622738,132706.1168547561,91289.39897786579,1515.5161193150689,2.177886595068493,yearly,0.0,0.0,0.0,0.0,0.0,0.0,0.0,0.0
89,Lahaina--Lahaina_rch_Sim1,148.49435199999954,559269.3769873133,245376.17196549888,37986.05464042264,164800.47877497316,110287.43032802279,6164.139389906374,1.986133413776197,Daily,-3.0623881970033726e-15,0.16478765469052412,0.031015833910313026,1.022823391367468,0.24184538498209254,0.20810774923343844,3.0673532345483934,-0.08804553080334544
90,Lahaina--Lahaina_sub_Sim1_TPTMod,148.494352,459193.55800557556,148000.24080658634,16354.705959501374,219470.7927835755,75767.30791643294,7103.265887049314,4427.752265487398,yearly,0.0,-0.04363977452238623,-0.37813606565031604,-0.12908349953744436,0.6538106756886075,-0.1700316930029999,3.687027604998095,2032.0499648206653
91,Lahaina--Lahaina_sub_Sim2_TPTMod,148.494352,459193.55800557556,232310.1915605753,33122.91330276163,90975.66316285753,103145.66113092602,6259.45245219178,1.507450780547945,yearly,0.0,-0.04363977452238623,-0.023884495551718926,0.7638526678620454,-0.314457650340049,0.12987556371068812,3.130244721528078,-0.3078377983677628
92,Lahaina--Lahaina_sub_Sim2_TPTMod_Check,148.494352,480147.0677811289,237994.57185333964,18778.73016622738,132706.1168547561,91289.39897786579,1515.5161193150689,2.177886595068493,yearly,0.0,0.0,0.0,0.0,0.0,0.0,0.0,0.0
93,North_CentralMaui--Default,291.61105000000015,446477.34868218965,534088.9657686212,1207.408916416663,20387.435432826955,48914.09868919226,672.9815267724366,1.321840097625043,Daily,0.0,0.0,0.0,0.0,0.0,0.0,0.0,0.0
94,North_CentralMaui--NCM_rch_Sim1,291.611049999999,460641.86093917233,537790.7772975537,1870.9329389143697,24124.148353949575,50232.16925817728,809.7069865963684,3.077835962873908,Daily,-3.89857783926967e-15,0.031725041144394596,0.006931076592464635,0.5495437489950854,0.18328508916358988,0.026946639196200793,0.20316376361719132,1.3284480236330187
95,North_CentralMaui--NCM_sub_Sim1,291.6110500000005,496506.7169007398,369414.7419189754,31181.248925698634,48953.33519518906,33785.658683597256,25253.317302178075,406.34841772054796,yearly,1.169573351780901e-15,0.11205354172213995,-0.30832732822453823,24.824928490869567,1.4011521878993443,-0.3092858789389834,36.52453269154487,306.41117511160104
96,North_CentralMaui--NCM_sub_Sim2,291.6110500000005,496506.7169007398,559653.7140051535,4498.994819298632,29728.497772375336,54630.37498840004,2289.187924115068,4.175993190136987,yearly,1.169573351780901e-15,0.11205354172213995,0.047866085755472285,2.7261566964825032,0.4581774088421054,0.11686357210688654,2.401561310447588,2.1592271997498154
97,North_CentralMaui--NorthCentralMaui_rch_Sim2,291.61105000000015,446477.34868218965,534088.9657686212,1207.408916416663,20387.435432826955,48914.09868919226,672.9815267724366,1.321840097625043,Daily,0.0,0.0,0.0,0.0,0.0,0.0,0.0,0.0
98,North_CentralMaui--North_CentralMaui_rch_yr,291.6110500000005,496506.7169007398,582548.0697250435,7245.800614728767,34727.64830018906,17235.99683266302,827.9732746849313,26.699411482191767,yearly,1.169573351780901e-15,0.11205354172213995,0.09073226945754918,5.001115708365635,0.7033848330071041,-0.6476272221188577,0.2303060957049181,19.198669665236164
99,South_CentralMaui--Default,204.88993900000008,318121.8101930512,242623.6439814865,10193.917823895805,13001.571424132904,55107.49961283778,0.0,2.119996047514867,Daily,0.0,0.0,0.0,0.0,0.0,0.0,,0.0
100,South_CentralMaui--South_CentralMaui_rch_Sim1_2006to2007,204.88993900000008,379255.8582342663,243314.09094140085,27520.441918415538,28862.674784643747,56327.295550836956,4072.0527235167347,11.85437791008442,Daily,0.0,0.19217182249816858,0.002845752988389843,1.6996923453614876,1.2199374093403978,0.022134844559614373,inf,4.5916981184849535
101,South_CentralMaui--South_CentralMaui_rch_Sim2,204.88993900000008,318121.8101930512,242623.6439814865,10193.917823895805,13001.571424132904,55107.49961283778,0.0,2.119996047514867,Daily,0.0,0.0,0.0,0.0,0.0,0.0,,0.0
102,South_CentralMaui--South_CentralMaui_rch_Sim2_2006to2007,204.88993900000008,318121.8101930512,242623.6439814865,10193.917823895805,13001.571424132904,55107.49961283778,0.0,2.119996047514867,Daily,0.0,0.0,0.0,0.0,0.0,0.0,,0.0
103,South_CentralMaui--South_CentralMaui_sub_Sim2_SLRSPT&WnSp50pct,204.88993899999988,290889.7593564873,226000.43344060014,14791.277430953438,12060.63418277261,38335.91765273428,5028.312078994521,6.3447537545205455,yearly,-9.71018718556151e-16,-0.0856025898382704,-0.06851438824385474,0.4509904520007855,-0.07237103967400207,-0.3043430037278704,inf,1.9928139545156633
104,South_CentralMaui--South_CentralMaui_sub_Sim3_SLRSPT&WnSp50pct,204.88993899999988,290889.7593564873,218464.5476171946,9843.905107978087,11321.491235632875,51600.47131843833,0.0,0.405548842739726,yearly,-9.71018718556151e-16,-0.0856025898382704,-0.09957436945483919,-0.03433544609288925,-0.12922131746179108,-0.06363976444292276,,-0.8087030194159445
105,South_EastMaui--Default,225.49414800000054,441727.28200801584,265510.816760093,26651.022617278544,22144.888651463138,129350.41290578932,13250.708899280286,1.5242899735246924,Daily,0.0,0.0,0.0,0.0,0.0,0.0,0.0,0.0
106,South_EastMaui--SEM_rch_Sim1,225.49414800000054,441727.28200801584,265160.1792822152,26700.159903819196,22186.046182625305,129625.29574259224,13258.298261639773,79.69215220006895,Daily,0.0,0.0,-0.001320614663298661,0.001843729872819027,0.0018585566994687942,0.00212510212088096,0.000572751421616372,51.28149078209363
107,South_EastMaui--SEM_rch_Sim2,225.49414800000054,441727.28200801584,265510.816760093,26651.022617278544,22144.888651463138,129350.41290578932,13250.708899280286,1.5242899735246924,Daily,0.0,0.0,0.0,0.0,0.0,0.0,0.0,0.0
108,South_EastMaui--South_EastMaui_sed_Sim1_1990to2002,225.49414800000054,507193.78538230463,273064.7568068051,36218.18902883371,35327.51253729525,160842.43902378404,8545.626227216575,141.6562322595339,Daily,0.0,0.1482057052865048,0.028450592480145972,0.3589793363258236,0.5952896893415233,0.24346289594708548,-0.35508158150838764,91.93260122414573
109,South_EastMaui--South_EastMaui_sub_Sim3,225.4941479999999,457649.69770835876,264085.3711578437,28917.412767794514,27658.601507183565,136369.62597286035,10210.170515942465,119.64378173479456,yearly,-2.7729216612259342e-15,0.03604580552046133,-0.005368691263291479,0.0850395192358064,0.24898354390037222,0.05426509981211567,-0.22946231831437844,77.49148378122322
110,Wahikuli--Default,66.657996,258872.6294016454,119109.13911714725,11107.6215489492,31733.714829964152,97520.88684647098,9301.57938171805,3.890398512142583,Daily,0.0,0.0,0.0,0.0,0.0,0.0,0.0,0.0
111,Wahikuli--Wahikuli_rch_Daily20years_Fog,66.657996,329715.1974091817,132398.77652171487,15052.59624237768,63355.4162776291,119342.23365202104,12572.373331009252,10.88928650421953,Daily,0.0,0.2736580076900398,0.11157529559085202,0.3551592639381633,0.9964702089591654,0.223760750247317,0.35163855675089345,1.7990156972948275
112,Wahikuli--Wahikuli_rch_Daily20years_PLu,66.657996,258872.6294016454,118435.72998777879,11482.71365802618,30745.673112237226,98786.74430760981,9652.43489367495,3.500204736516354,Daily,0.0,0.0,-0.005653715024387375,0.03376889529626288,-0.03113539410753073,0.012980372739346557,0.037719993299900875,-0.10029660828019771
113,Wahikuli--Wahikuli_rch_Daily20years_TLu,66.657996,329715.1974091817,130920.33670293303,15137.282620527416,64508.61125714582,119630.5270511528,12655.929010611348,13.650993793303453,Daily,0.0,0.2736580076900398,0.09916281549284917,0.36278343242252686,1.0328099500104662,0.22671697232911203,0.36062151288910815,2.508893433589496
114,Wahikuli--Wahikuli_rch_Daily20years_TPLu,66.657996,258872.6294016454,119109.13911714725,11107.6215489492,31733.714829964152,97520.88684647098,9301.57938171805,3.890398512142583,Daily,0.0,0.0,0.0,0.0,0.0,0.0,0.0,0.0
115,Wahikuli--Wahikuli_rch_Sim1,66.65799600000028,375180.6619022887,153248.0444347435,20239.26484908438,72869.78373183154,128178.72982404847,16959.09038673858,16.067839789337707,Daily,4.263810965814815e-15,0.4492867120385653,0.28661868913366634,0.8221060881390082,1.2962891083594532,0.3143720690916472,0.823248471122132,3.130126962363187
116,Wahikuli--Wahikuli_rch_Sim1_Fog,66.65799599999998,321542.6374532514,141584.439032393,16916.03641163579,30709.289828749363,132045.83524421658,14684.0231823573,2.2017527443867455,Daily,-2.1319054829074075e-16,0.24208819679570065,0.18869500763615343,0.5229215666999452,-0.032281912366827266,0.35402619391781054,0.5786591265584711,-0.4340547022330212
117,Wahikuli--Wahikuli_rch_Sim2,66.65799600000028,375180.6619022887,148965.59765359852,15496.031436129113,85280.07344715823,124783.42779636792,13196.5416431894,3.620329002486937,Daily,4.263810965814815e-15,0.4492867120385653,0.25066471605580654,0.39508096921028635,1.6873649651201128,0.2795559170090084,0.4187420331139431,-0.0694194974660601
118,Wahikuli--Wahikuli_rch_Sim2_Fog,66.65799599999998,321542.6374532514,141472.18734827472,16838.43626330411,31015.998499098387,131938.72409761717,14623.595241038705,3.104345447313609,Daily,-2.1319054829074075e-16,0.24208819679570065,0.18775258050629323,0.5159353592576309,-0.022616839368206305,0.35292785334623605,0.5721626017384643,-0.20204949759660118
119,Wahikuli--Wahikuli_rch_yr_Fog,66.65799599999998,329917.20059758343,132489.52285687122,15062.799554161646,63403.46832990411,119423.46896944112,12581.035280958904,10.881959731506848,yearly,-2.1319054829074075e-16,0.27443832652432,0.11233717109284098,0.356077850490559,0.9979844360999993,0.2245937545405201,0.35256979107080655,1.7971324011004108
120,Wahikuli--Wahikuli_sub_Sim1_SLRSPT&WnSp50pct,66.65799599999998,326458.54231938336,126647.83255513968,8413.538608819179,108444.15842488492,83158.42352685754,5970.082867150685,1338.9236338098628,yearly,-2.1319054829074075e-16,0.2610778631713793,0.06329231739789433,-0.2425436380108653,2.417316850735922,-0.147275766085111,-0.3581646060146852,343.1610492166442
121,Wahikuli--Wahikuli_sub_Sim1_SLRSPT&WnSp50pct_Fog,66.65799599999998,329917.20059758343,113630.84563815345,16119.15370375617,114947.78380881915,85196.99022134797,11247.452807457536,2484.4057332706852,yearly,-2.1319054829074075e-16,0.27443832652432,-0.045993897022509264,0.4511795916634438,2.6222605649774473,-0.1263718678494461,0.2091981744050948,637.5992914392807
122,Wahikuli--Wahikuli_sub_Sim2_SLRSPT&WnSp50pct,66.65799599999998,326458.54231938336,140716.04041174243,13242.56548513973,64529.47563357261,108490.13265909857,11290.79210687123,2.728164027671233,yearly,-2.1319054829074075e-16,0.2610778631713793,0.18140422686914207,0.19220531837371602,1.0334674329600226,0.11248098912283976,0.21385752284852966,-0.2987443267942403
123,Wahikuli--Wahikuli_sub_Sim2_SLRSPT&WnSp50pct_Fog,66.65799599999998,329917.20059758343,132593.83951582466,15124.360905147949,63094.15764144384,119566.67811256985,12628.36486857534,3.1423292186301355,yearly,-2.1319054829074075e-16,0.27443832652432,0.11321297843832805,0.36162011268548655,0.988237367718071,0.22606225167748917,0.35765812990812923,-0.19228603218348925
124,Wahikuli_Green--Default,66.65799599999998,266377.9455473835,119141.27813345207,12545.317687753424,31710.204891126043,103629.50339045757,10584.404190657531,6.293738015616437,yearly,0.0,0.0,0.0,0.0,0.0,0.0,0.0,0.0
125,Wahikuli_Green--Wahikuli_rch_RCP45_Fog,66.65799599999998,266377.9455473835,119141.27813345207,12545.317687753424,31710.204891126043,103629.50339045757,10584.404190657531,6.293738015616437,yearly,0.0,0.0,0.0,0.0,0.0,0.0,0.0,0.0
126,Wahikuli_Green--Wahikuli_rch_RCP45_nondiv_Fog,66.65799599999998,266377.9455473835,119117.18973399456,12513.104737205478,31846.216337087673,103549.73408380001,10555.443316767121,6.241586842191782,yearly,0.0,0.0,-0.00020218349034774175,-0.002567726967918234,0.004289201108243008,-0.0007697547903612234,-0.0027361836687956956,-0.008286200235099465
127,Wahikuli_Green--Wahikuli_rch_RCP85_Fog,66.65799599999998,259033.61897453977,116124.50659351509,11737.421772739726,32716.52504704109,99137.29399051507,9867.85253923288,4.839713194520547,yearly,0.0,-0.027571075967838806,-0.025320960016543072,-0.06439820298870194,0.03173489920264317,-0.043348749660766496,-0.06769881785666557,-0.23102722380373447
128,Wahikuli_Green--Wahikuli_rch_RCP85_nondiv_Fog,66.65799599999998,259033.61897453977,116124.50659351509,11737.421772739726,32716.52504704109,99137.29399051507,9867.85253923288,4.839713194520547,yearly,0.0,-0.027571075967838806,-0.025320960016543072,-0.06439820298870194,0.03173489920264317,-0.043348749660766496,-0.06769881785666557,-0.23102722380373447
129,Wahikuli_Growth--Default,66.657996,329715.1974091817,131922.4770781731,39641.06207770444,67238.68267570855,90048.5696329248,35601.97744278256,27.68397566423067,Daily,0.0,0.0,0.0,0.0,0.0,0.0,0.0,0.0
130,Wahikuli_Growth--Wahikuli_rch_Daily20years_CcGrowth,66.657996,329715.1974091817,131922.4770781731,39641.06207770444,67238.68267570855,90048.5696329248,35601.97744278256,27.68397566423067,Daily,0.0,0.0,0.0,0.0,0.0,0.0,0.0,0.0
131,Wahikuli_Growth--Wahikuli_rch_RCP45_Fog,66.65799599999998,266377.9472605616,120323.53609321096,33545.29075871233,34723.73758576438,78271.6500101425,30186.872658301374,16.184584269041093,yearly,-2.1319054829074075e-16,-0.19209684796548093,-0.08792240141222467,-0.15377416747924588,-0.4835749868385049,-0.13078408319854376,-0.15210123631992156,-0.4153807796489096
132,Wahikuli_Growth--Wahikuli_rch_RCP45_nondiv_Fog,66.65799599999998,266377.9472605616,120323.53609321096,33545.29075871233,34723.73758576438,78271.6500101425,30186.872658301374,16.184584269041093,yearly,-2.1319054829074075e-16,-0.19209684796548093,-0.08792240141222467,-0.15377416747924588,-0.4835749868385049,-0.13078408319854376,-0.15210123631992156,-0.4153807796489096
133,Wahikuli_Growth--Wahikuli_rch_RCP85_Fog,66.65799599999998,259033.60554166304,117481.29801820272,31663.30144939726,35583.62720189042,74861.23308898903,28445.501687150685,8.822437067397258,yearly,-2.1319054829074075e-16,-0.21437165293840454,-0.10946716116778943,-0.2012499214241326,-0.47078637198307594,-0.16865716585888743,-0.20101343435581212,-0.6813161095645534
134,Wahikuli_Growth--Wahikuli_rch_RCP85_nondiv_Fog,66.65799599999998,259033.60554166304,117481.29801820272,31663.30144939726,35583.62720189042,74861.23308898903,28445.501687150685,8.822437067397258,yearly,-2.1319054829074075e-16,-0.21437165293840454,-0.10946716116778943,-0.2012499214241326,-0.47078637198307594,-0.16865716585888743,-0.20101343435581212,-0.6813161095645534
135,Wahikuli_MGrowth--Default,66.65799599999998,266377.9472605616,119227.72004861372,11686.074725999999,32604.94193127945,103625.25773053977,10145.368212931508,7.740772970136986,yearly,0.0,0.0,0.0,0.0,0.0,0.0,0.0,0.0
136,Wahikuli_MGrowth--Wahikuli_rch_RCP45_Fog,66.65799599999998,266377.9472605616,119227.72004861372,11686.074725999999,32604.94193127945,103625.25773053977,10145.368212931508,7.740772970136986,yearly,0.0,0.0,0.0,0.0,0.0,0.0,0.0,0.0
137,Wahikuli_MGrowth--Wahikuli_rch_RCP45_nondiv_Fog,66.65799599999998,266377.9472605616,119227.72004861372,11686.074725999999,32604.94193127945,103625.25773053977,10145.368212931508,7.740772970136986,yearly,0.0,0.0,0.0,0.0,0.0,0.0,0.0,0.0
138,Wahikuli_MGrowth--Wahikuli_rch_RCP85_Fog,66.65799599999998,259033.60554166304,116251.105141463,10942.61763427397,33469.81661937534,99159.66962969319,9473.529220630138,5.534261578082192,yearly,0.0,-0.02757113264978559,-0.02496579575569364,-0.0636190602197616,0.026525877270959914,-0.043093626000512336,-0.0662212527136303,-0.285050524097175
139,Wahikuli_MGrowth--Wahikuli_rch_RCP85_nondiv_Fog,66.65799599999998,259033.60554166304,116251.105141463,10942.61763427397,33469.81661937534,99159.66962969319,9473.529220630138,5.534261578082192,yearly,0.0,-0.02757113264978559,-0.02496579575569364,-0.0636190602197616,0.026525877270959914,-0.043093626000512336,-0.0662212527136303,-0.285050524097175
